{"cameraMode":{"drawMode":0,"name":"Shaded","section":"Shading Mode"},"sceneLighting":true,"audioPlay":false,"sceneViewState":{"m_AlwaysRefresh":false,"showFog":true,"showSkybox":true,"showFlares":true,"showImageEffects":true,"showParticleSystems":true,"showVisualEffectGraphs":true,"m_FxEnabled":true},"in2DMode":false,"pivot":{"x":0.8995704650878906,"y":19.059328079223634,"z":-16.673255920410158},"rotation":{"x":0.3910028636455536,"y":0.03756270930171013,"z":-0.01513697486370802,"w":0.9196007251739502},"size":2.3030288219451906,"orthographic":false}