{"cameraMode":{"drawMode":0,"name":"Shaded","section":"Shading Mode"},"sceneLighting":true,"audioPlay":false,"sceneViewState":{"m_AlwaysRefresh":false,"showFog":true,"showSkybox":true,"showFlares":true,"showImageEffects":true,"showParticleSystems":true,"showVisualEffectGraphs":true,"m_FxEnabled":true},"in2DMode":false,"pivot":{"x":1000.0421752929688,"y":627.3321533203125,"z":-16.144287109375},"rotation":{"x":0.12269376218318939,"y":-0.0058748479932546619,"z":0.0014029759913682938,"w":0.9925215244293213},"size":488.8746643066406,"orthographic":false}