{"cameraMode":{"drawMode":0,"name":"Shaded","section":"Shading Mode"},"sceneLighting":true,"audioPlay":false,"sceneViewState":{"m_AlwaysRefresh":false,"showFog":true,"showSkybox":true,"showFlares":true,"showImageEffects":true,"showParticleSystems":true,"showVisualEffectGraphs":true,"m_FxEnabled":true},"in2DMode":false,"pivot":{"x":-0.44955146312713625,"y":-18.7586669921875,"z":25.467063903808595},"rotation":{"x":0.3126966655254364,"y":0.003072382416576147,"z":-0.00025713868672028184,"w":0.9499503374099731},"size":20.80242347717285,"orthographic":false}