{"cameraMode":{"drawMode":0,"name":"Shaded","section":"Shading Mode"},"sceneLighting":true,"audioPlay":false,"sceneViewState":{"m_AlwaysRefresh":false,"showFog":true,"showSkybox":true,"showFlares":true,"showImageEffects":true,"showParticleSystems":true,"showVisualEffectGraphs":true,"m_FxEnabled":true},"in2DMode":false,"pivot":{"x":-4.503288269042969,"y":-18.801029205322267,"z":15.538206100463868},"rotation":{"x":0.3999576270580292,"y":-0.07142749428749085,"z":0.031150760129094125,"w":0.9131584167480469},"size":20.089637756347658,"orthographic":false}