{"cameraMode":{"drawMode":0,"name":"Shaded","section":"Shading Mode"},"sceneLighting":true,"audioPlay":false,"sceneViewState":{"m_AlwaysRefresh":false,"showFog":true,"showSkybox":true,"showFlares":true,"showImageEffects":true,"showParticleSystems":true,"showVisualEffectGraphs":true,"m_FxEnabled":true},"in2DMode":false,"pivot":{"x":7.559121608734131,"y":8.567930221557618,"z":-29.355159759521486},"rotation":{"x":0.1014150008559227,"y":0.2609117329120636,"z":-0.027632907032966615,"w":0.9595601558685303},"size":0.8660253882408142,"orthographic":false}