{"cameraMode":{"drawMode":0,"name":"Shaded","section":"Shading Mode"},"sceneLighting":true,"audioPlay":false,"sceneViewState":{"m_AlwaysRefresh":false,"showFog":true,"showSkybox":true,"showFlares":true,"showImageEffects":true,"showParticleSystems":true,"showVisualEffectGraphs":true,"m_FxEnabled":true},"in2DMode":false,"pivot":{"x":2.5929508209228517,"y":-0.671483039855957,"z":7.2600531578063969},"rotation":{"x":-0.17755532264709474,"y":0.011159555986523629,"z":-0.002454047556966543,"w":-0.9841597676277161},"size":12.917439460754395,"orthographic":false}