{"cameraMode":{"drawMode":0,"name":"Shaded","section":"Shading Mode"},"sceneLighting":true,"audioPlay":false,"sceneViewState":{"m_AlwaysRefresh":false,"showFog":true,"showSkybox":true,"showFlares":true,"showImageEffects":true,"showParticleSystems":true,"showVisualEffectGraphs":true,"m_FxEnabled":true},"in2DMode":false,"pivot":{"x":13.322101593017579,"y":-1.5839321613311768,"z":22.467424392700197},"rotation":{"x":0.11369498074054718,"y":0.16913186013698579,"z":-0.018897058442234994,"w":0.9789299368858337},"size":20.80242347717285,"orthographic":false}