{"cameraMode":{"drawMode":0,"name":"Shaded","section":"Shading Mode"},"sceneLighting":true,"audioPlay":false,"sceneViewState":{"m_AlwaysRefresh":false,"showFog":true,"showSkybox":true,"showFlares":true,"showImageEffects":true,"showParticleSystems":true,"showVisualEffectGraphs":true,"m_FxEnabled":true},"in2DMode":false,"pivot":{"x":-18.401872634887697,"y":-15.190332412719727,"z":20.91195297241211},"rotation":{"x":0.26710382103919985,"y":-0.23410895466804505,"z":0.06707271933555603,"w":0.9324007630348206},"size":19.523948669433595,"orthographic":false}