{"cameraMode":{"drawMode":0,"name":"Shaded","section":"Shading Mode"},"sceneLighting":true,"audioPlay":false,"sceneViewState":{"m_AlwaysRefresh":false,"showFog":true,"showSkybox":true,"showFlares":true,"showImageEffects":true,"showParticleSystems":true,"showVisualEffectGraphs":true,"m_FxEnabled":true},"in2DMode":false,"pivot":{"x":-6.118751525878906,"y":13.631579399108887,"z":-46.5391960144043},"rotation":{"x":0.08838994801044464,"y":-0.002946309046819806,"z":0.0007513847667723894,"w":0.9961788654327393},"size":0.8660253882408142,"orthographic":false}