{"cameraMode":{"drawMode":0,"name":"Shaded","section":"Shading Mode"},"sceneLighting":true,"audioPlay":false,"sceneViewState":{"m_AlwaysRefresh":false,"showFog":true,"showSkybox":true,"showFlares":true,"showImageEffects":true,"showParticleSystems":true,"showVisualEffectGraphs":true,"m_FxEnabled":true},"in2DMode":false,"pivot":{"x":5.630490303039551,"y":6.245608806610107,"z":-23.07949447631836},"rotation":{"x":0.13899725675582887,"y":-0.14350245893001557,"z":0.020821411162614824,"w":0.9797264337539673},"size":2.4166371822357179,"orthographic":false}