{"cameraMode":{"drawMode":0,"name":"Shaded","section":"Shading Mode"},"sceneLighting":true,"audioPlay":false,"sceneViewState":{"m_AlwaysRefresh":false,"showFog":true,"showSkybox":true,"showFlares":true,"showImageEffects":true,"showParticleSystems":true,"showVisualEffectGraphs":true,"m_FxEnabled":true},"in2DMode":false,"pivot":{"x":-7.021908283233643,"y":6.148924827575684,"z":16.157480239868165},"rotation":{"x":0.05547359958291054,"y":-0.2084243893623352,"z":0.013059582561254502,"w":0.9765543341636658},"size":16.056318283081056,"orthographic":false}