{"cameraMode":{"drawMode":0,"name":"Shaded","section":"Shading Mode"},"sceneLighting":true,"audioPlay":false,"sceneViewState":{"m_AlwaysRefresh":false,"showFog":true,"showSkybox":true,"showFlares":true,"showImageEffects":true,"showParticleSystems":true,"showVisualEffectGraphs":true,"m_FxEnabled":true},"in2DMode":false,"pivot":{"x":-3.0196354389190676,"y":4.913642406463623,"z":-10.395628929138184},"rotation":{"x":0.3169299066066742,"y":0.007113955449312925,"z":-0.002375049749389291,"w":0.9484202265739441},"size":2.076655864715576,"orthographic":false}