{"cameraMode":{"drawMode":0,"name":"Shaded","section":"Shading Mode"},"sceneLighting":true,"audioPlay":false,"sceneViewState":{"m_AlwaysRefresh":false,"showFog":true,"showSkybox":true,"showFlares":true,"showImageEffects":true,"showParticleSystems":true,"showVisualEffectGraphs":true,"m_FxEnabled":true},"in2DMode":false,"pivot":{"x":-5.623935699462891,"y":7.707791328430176,"z":-9.107430458068848},"rotation":{"x":0.15981994569301606,"y":-0.007333701476454735,"z":0.0016480317572131754,"w":0.9872235059738159},"size":1.0337759256362916,"orthographic":false}