{"cameraMode":{"drawMode":0,"name":"Shaded","section":"Shading Mode"},"sceneLighting":true,"audioPlay":false,"sceneViewState":{"m_AlwaysRefresh":false,"showFog":true,"showSkybox":true,"showFlares":true,"showImageEffects":true,"showParticleSystems":true,"showVisualEffectGraphs":true,"m_FxEnabled":true},"in2DMode":false,"pivot":{"x":4.538051605224609,"y":-2.544750928878784,"z":17.353866577148439},"rotation":{"x":0.14487668871879579,"y":-0.03857753425836563,"z":0.005655421409755945,"w":0.9886820316314697},"size":11.36549186706543,"orthographic":false}