{"cameraMode":{"drawMode":0,"name":"Shaded","section":"Shading Mode"},"sceneLighting":true,"audioPlay":false,"sceneViewState":{"m_AlwaysRefresh":false,"showFog":true,"showSkybox":true,"showFlares":true,"showImageEffects":true,"showParticleSystems":true,"showVisualEffectGraphs":true,"m_FxEnabled":true},"in2DMode":false,"pivot":{"x":29.27039337158203,"y":-22.94560432434082,"z":239.56895446777345},"rotation":{"x":0.06154749542474747,"y":0.08073046803474426,"z":-0.0052486867643892769,"w":0.9947451949119568},"size":141.42135620117188,"orthographic":false}