{"cameraMode":{"drawMode":0,"name":"Shaded","section":"Shading Mode"},"sceneLighting":true,"audioPlay":false,"sceneViewState":{"m_AlwaysRefresh":false,"showFog":true,"showSkybox":true,"showFlares":true,"showImageEffects":true,"showParticleSystems":true,"showVisualEffectGraphs":true,"m_FxEnabled":true},"in2DMode":false,"pivot":{"x":-252.34442138671876,"y":1.878977656364441,"z":8.900147438049317},"rotation":{"x":0.04648886248469353,"y":0.0090193971991539,"z":0.0000790582926128991,"w":0.9989870190620422},"size":5.520871639251709,"orthographic":false}